,Kmer,Raw Count,Count per Million,Normalized Count,,,,,
0,AAGAATGGAGAAAAGAGAGGGAAGAGCGAGGGTCTGAGGA,1497,393.0301601,0.00039303,,,,,
1,AGAGAAAGTAAGAGATAGGAGGATTAACGGTGATTGACGA,1275,334.7451264,0.000334745,,,,,
2,TAAACATCAGACGAGGAAAGAGAGAACAAAGAGTCGACGG,1194,313.4789654,0.000313479,,,,,
3,AGAAGAAGTTAGGGAAAAAAGTAGAAGAGGAACATCAAGC,1176,308.7531519,0.000308753,,,,,
4,AATACAACGAAGAAGGAAAAGTGTTACGATGCAAATCGGA,1172,307.7029711,0.000307703,,,,,
5,AGAAATGAAAGAGAGAGACAGAAGAAACGGCGCTTATTCG,1067,280.1357254,0.000280136,,,,,
6,AGAAAAGATGAAGAATGAGAGACGCGCGTGAGTTCCCTGA,989,259.6572,0.000259657,,,,,
7,AGAAAAGTGAGAAGAGAAGGAAATAGGACGCTACTTGCGG,921,241.8041266,0.000241804,,,,,
8,ATGGGAAAGATAAGAAGAGAGAAATCAAGACGGTCGACAC,911,239.1786746,0.000239179,,,,,
9,CAGAACAGAAAGACAGTTAGGAGAGGACACGGATATGCCT,865,227.1015955,0.000227102,,,,,
10,AAACACATTCAAGTTCGATTTTCATCAGCTCAATCTACTA,864,226.8390503,0.000226839,,,,,
11,AACGACAGGAGGAAAAGAGAAGTTGACAATAGACACATGC,847,222.375782,0.000222376,,,,,
12,TACGACAAGAGAGACATTGTTCAGAAACAAGCGAGTCCGC,847,222.375782,0.000222376,,,,,
13,AGGTTAACATATGGAAAGAAAGAATAAGAAGACGCATCTA,838,220.0128752,0.000220013,,,,,
14,AGAAAAGAAGACTGTGAGAAAGAGCAATTAGAGAAGCCGA,811,212.9241549,0.000212924,,,,,
15,AAGAAGAATGTGAGAATAGAAGAGGGCACGTGCTTGTAGA,784,205.8354346,0.000205835,,,,,
16,ACAAAAGCAGAGAGGTAGAAAAATATCACGACATCGCGGA,773,202.9474374,0.000202947,,,,,
17,ACATGGAAAGAAAGTGGAGAGAAACAAGGCGCTGTATTGA,768,201.6347114,0.000201635,,,,,
18,ACAAACTAGAAAGAAACTAGGAATAAACAACACGAACTTT,766,201.109621,0.00020111,,,,,
19,CGTGTCCAAAAGACGGTGTCGGATGTCGGTGTGGATAGAG,747,196.1212623,0.000196121,,,,,
20,ATGAGAGATATAAAGAAAACATAAGAACAAGACATGACAC,743,195.0710815,0.000195071,,,,,
21,AGAACACGGAGAAGAAATAGGAAAGACCGCGCTCTCCTAA,733,192.4456295,0.000192446,,,,,
22,AATGTAAGTTAGTAAGGAGAAAGAGGGAGAAATACGGAGC,732,192.1830843,0.000192183,,,,,
23,TGACAAAGAAAGAGGGAAGAGAAATAAACAGAATTTCCGG,712,186.9321804,0.000186932,,,,,
24,AGAGAAAGAGAAATGTGACTCACGTAAGCGAATGGCTAGA,712,186.9321804,0.000186932,,,,,
25,ATAAAAAGAGGGAGGAAAGAATATTATCGCGATGCTTCTG,711,186.6696352,0.00018667,,,,,
26,AGAGTTAAGAGAGGAAGAAAAGCACGTGCGCGCAAAACGA,701,184.0441832,0.000184044,,,,,
27,TAACAACAAGGAAGAAGAGAGTGGACACGCGGCTGAATGA,695,182.468912,0.000182469,,,,,
28,AGAGAAAAAGTTGGGTTAAAAAAAGAGGAGAAAATGACAC,695,182.468912,0.000182469,,,,,
29,AGTAAAGAAATGGAGAATAGTACCGACGCGTATTGCAAAG,684,179.5809149,0.000179581,,,,,
30,AAAGAATCAAGAGAAAGGTAGAGTTAAGAAGATGAACAGC,683,179.3183697,0.000179318,,,,,
31,TGGAAGGGAGAAATATGGAGAAAGTACATGGCTCGATCGA,677,177.7430985,0.000177743,,,,,
32,TAGACATCAGAAGAGGAAAGAGAGACCGGAAGCTCCTCGA,675,177.2180081,0.000177218,,,,,
33,AAGAAATGTAAAAGGAAAAGAGTGCAGGACGCGTGAAGTA,666,174.8551013,0.000174855,,,,,
34,AGACTTAGGAGAGAAATAAGAGGAAAGTTGCGGCGCTCCA,656,172.2296493,0.00017223,,,,,
35,ACAGGAAAGAAAGAACTCTAAGATTAACAACGCGACCTAT,645,169.3416522,0.000169342,,,,,
36,TAAATCGAAAAGGAGAAAATAGAGAAAGGAGAACTACAGC,644,169.079107,0.000169079,,,,,
37,AGAGATTATAAAGGAGAGGGATAGAGTACGCGTCGCTCCT,630,165.4034742,0.000165403,,,,,
38,AAGCCATATTTAATTTTATTAGTCGTTATCGTAAGCCGAT,621,163.0405674,0.000163041,,,,,
39,AAGAAGGAGAGGAAGGCAAGATAGCACGGGCGTTTCCAGA,619,162.515477,0.000162515,,,,,
40,AGTGGGAGAATAGAACATGGAGATTAAGAAACGCACGCCT,610,160.1525703,0.000160153,,,,,
41,AGGGACAGAGAAGGAAGACGCGAGCCGACCTGCTGGACAC,606,159.1023895,0.000159102,,,,,
42,TAGAGTGAGAAGTAAAAGAAGGGCAAAGACGAAGCGATTG,588,154.3765759,0.000154377,,,,,
43,CGGAGAAAGTGAGAGAGAGGAGAGGGACTAACGAGGGTAT,584,153.3263951,0.000153326,,,,,
44,ACTACGGGAAAGAAAAAGGAGGCAGAAAGACGCGCGCTTC,580,152.2762144,0.000152276,,,,,
45,AAGGAGAAAGAACAGAGCATGAGGCTACAGATCTAGGGTA,575,150.9634884,0.000150963,,,,,
46,CCTAAGAAAGAAAGGGAAGAAGGAAAGGCAAACAGGAAGC,569,149.3882172,0.000149388,,,,,
47,AACAACAAGGGAAGAGTACTAACAATGACGATACTTTCGT,562,147.5504008,0.00014755,,,,,
48,TAGGAAAGAGTGAGATGGAAAAAGTACGGTAGCTCGAGGA,558,146.50022,0.0001465,,,,,
49,CTATTAATCAAAGGGAATGTGAAGAGGAAGGTACGGCGCA,556,145.9751296,0.000145975,,,,,
50,ATACATTAGCACATTAACAAAAGAAAGGAAACGAAAAAGG,544,142.8245873,0.000142825,,,,,
51,AATGAAAATACAAGAAGAGACAGGAACACTGCGAGGCCTT,542,142.2994969,0.000142299,,,,,
52,AAGTAAAGAAAGAGAATAAAGATTGACGACGGGACAACGA,533,139.9365901,0.000139937,,,,,
53,AGTGGAAAGGGGTAAGAAGGAATGCACGACCGCGCTGTTG,532,139.6740449,0.000139674,,,,,
54,CAAAGTAAAGGAGAAAATAGAGGGAACCAAGCGGTATCGA,524,137.5736833,0.000137574,,,,,
55,AAGGAGAAGAAGAGACTACACGTGATAGGGCTGAGACAAT,522,137.0485929,0.000137049,,,,,
56,TAGAGAGAAGGAAAAGCGACACTCGAGATTATGGTAGACT,521,136.7860477,0.000136786,,,,,
57,CAAGAGAAGAGAGTGAAAGGTAATACCAATGTGAGTCCGG,520,136.5235025,0.000136524,,,,,
58,TAATGAGGGAAAAGTAAAAAGAAAGAGAGTTTAGCACGCC,519,136.2609573,0.000136261,,,,,
59,AGGGAATTGTAAGGTAAGGAAACAGAAAGGCAACGTAAGC,513,134.6856861,0.000134686,,,,,
60,TAAACTAGGGGAAAGTAAGAGAGAGACATGGGGCGCTGTA,510,133.8980505,0.000133898,,,,,
61,CAAAGAGAATATTGAGAGAAGAAACCTAGACAGATACCGA,507,133.110415,0.00013311,,,,,
62,CACGGGGAATTTGGAAAGCAGGAAGTACAGGGGGCCCTTC,503,132.0602342,0.00013206,,,,,
63,AAGAAAGAGCAGAAGGGAACAAGCGTACTGATCTGACAGT,501,131.5351438,0.000131535,,,,,
64,TAGAGAGGGAAGGAAAAATAGTAACACACTGGGCGGCCGA,498,130.7475082,0.000130748,,,,,
65,ACGACAAAACAAGAAAGATTTAAAAGAGGTAGAAAAAAGC,494,129.6973274,0.000129697,,,,,
66,AGAGAAATAGAAATATAAGAACAAGTACAGGACGTTGGGG,491,128.9096918,0.00012891,,,,,
67,AGAGACAGGAGGTAAAAAGATAGTCAACGGAAGCTCGATT,488,128.1220562,0.000128122,,,,,
68,AATTGAAAAAAGGAAAAGGAGACATAATACACTTTAGACC,487,127.859511,0.00012786,,,,,
69,ACATCAAGGAAGTGGGAAAAGATAGGAGATAACTAGACGT,483,126.8093302,0.000126809,,,,,
70,ATGGATAAGAGAGAGAAAATGACAGCGTGGACGGTGGGCT,483,126.8093302,0.000126809,,,,,
71,AGGAAGGAAGGAAATACTACAAAAGAAGATTCAACAGAGC,475,124.7089686,0.000124709,,,,,
72,TATTACGGGAAAAGAAGGAAGAGAGCAAAAAAACGATGCA,474,124.4464235,0.000124446,,,,,
73,ACCTAGAAGAGAAGAAGGGAATAGAGCGGAGAGATTGCGA,472,123.9213331,0.000123921,,,,,
74,TGGAAAACAGGGGAAGGAAGAAAATGCGAGGGTGTTTTGA,471,123.6587879,0.000123659,,,,,
75,AGAAAAGGAGAGACAGTGACGACGAGGACGATTCGGGCCT,470,123.3962427,0.000123396,,,,,
76,AGAGTTGGAAAAGGAGAAAAATAGATACATAAGACGTGGT,469,123.1336975,0.000123134,,,,,
77,AATGAGAAAGGAAAGAAAAGTGATACGACGAGCTGTTTGT,465,122.0835167,0.000122084,,,,,
78,ATACAAGAGAGAAAGACAGTATAATAAACGACACCCATGA,462,121.2958811,0.000121296,,,,,
79,ACAAAGAGAGGGGTATCACGACTGGCTTCACGGGGATAGG,460,120.7707907,0.000120771,,,,,
80,TCGAAGCAGAAACAAGGCATGGAGACGGGACGAATGTCAG,458,120.2457003,0.000120246,,,,,
81,CAACAGAAGAGAGAGAAAAGAGAAGCCCTGAACAAGCACT,451,118.4078839,0.000118408,,,,,
82,AGAAGAAGGAAAAAGGGATCAAACCACGGCTCACTTCCAA,448,117.6202483,0.00011762,,,,,
83,ATTGAGAAGGAGAAGAGGACAACGACCTCGCGGGATCTGA,447,117.3577031,0.000117358,,,,,
84,AAAAAGACAGAAGGTAAAGAGAGAACGACGGCCAGCCGAG,445,116.8326127,0.000116833,,,,,
85,AGCAGAAGGAGAAAGATAAACAAAGAACACTAGGGTCTTG,442,116.0449771,0.000116045,,,,,
86,AGAAACAGGAAAGTAAAAAGGGTATACGGCGAGCGTCAGA,442,116.0449771,0.000116045,,,,,
87,GGACAGAACACAGACGATAATTACGAGGTAGAGGGTCAGT,441,115.7824319,0.000115782,,,,,
88,AAAGAAAAAAGGGACTTAGAGGGGAAGGCACGAGCTCGTT,440,115.5198867,0.00011552,,,,,
89,AGAGGACAAAACATCAACACAAAGCTTGTACGTAGGAAGG,440,115.5198867,0.00011552,,,,,
90,ACAACAATAAGAGAAGAAGTGGAAGATATACGAGGCACGG,438,114.9947964,0.000114995,,,,,
91,AAAGAGAGAGAATGAGGGTCTGACGGTATGGGGGGCTACG,437,114.7322512,0.000114732,,,,,
92,AGAGGGAGGGAATAAACAGAGCAAACGGCGGGTGGGCCTA,435,114.2071608,0.000114207,,,,,
93,AATTAAATCGAAGTGGACTGCTGGCGGAAAATGAGAAAAT,433,113.6820704,0.000113682,,,,,
94,AAGAGAGGAAATTATAGAAAGCGAAAGCACGACCTCAGTA,428,112.3693444,0.000112369,,,,,
95,ACAGAGACAATAAATAAGAGGGGCACGTGCATCTGAACGA,428,112.3693444,0.000112369,,,,,
96,GAAGTACAAGGTAGAGATAGAGAAATGGCGCGAGAACTGA,427,112.1067992,0.000112107,,,,,
97,AGAGGAAAGAGACAGATCGCGATTACGAGCAGAATGGAAT,427,112.1067992,0.000112107,,,,,
98,AAAAGAAGAAATTTGGAAGGAAGGAAGGGGCATTAGACGT,427,112.1067992,0.000112107,,,,,
99,ACAAGAAAATAAGACCGAATTACTTTATAAACACTGGCGA,426,111.844254,0.000111844,,,,,
100,AACGAAAGGAAGATAAATCAGAGAATGTGCAAGACGTGTT,425,111.5817088,0.000111582,,,,,
101,AGGGGAGAGAAATTGAATCAAACACGCGGTCGACCGTTAA,425,111.5817088,0.000111582,,,,,
102,TGAGAACATAAAGGATAAAAGACAAGGAACCACGCACTAT,422,110.7940732,0.000110794,,,,,
103,CAGAAATAAAAGGAGAAGAGCAGTTCACGCGTATCAATGA,422,110.7940732,0.000110794,,,,,
104,AAAGAGAAAGAGAAAATAGAGCCGGCGATATGAAAGGCGG,420,110.2689828,0.000110269,,,,,
105,AGAGAACCATAAACAGACTAACTATTAAAACGACTCTCAT,419,110.0064376,0.000110006,,,,,
106,GGACTGGAAATGAAAAACGAATAAAGACATCATCAAGCGC,419,110.0064376,0.000110006,,,,,
107,AGGGAGAGAGGAACGACCCGATGCCGAGTGGATACAAATG,419,110.0064376,0.000110006,,,,,
108,GGAAAAAAGATCTAAAGAAAAACAGATAAGTACATGGCGA,416,109.218802,0.000109219,,,,,
109,AGAGAAAGACTGGAGAACACGAAGATAGGCTAACGATTAG,416,109.218802,0.000109219,,,,,
110,AGGAGCAGGAGGAATTACGAAGATGGACAATCGTTACAGA,414,108.6937116,0.000108694,,,,,
111,TGAGACAACAGAAACAAATAACGCATGGACGATATGGAGA,412,108.1686212,0.000108169,,,,,
112,ACATGAGAGAAGGAATAAGGAGTTAAAAAGGACACGCAGA,410,107.6435308,0.000107644,,,,,
113,AAATACATACGGGGAGAGGAAAATTACAAGCTCGCGAATA,410,107.6435308,0.000107644,,,,,
114,AGAGGGAGAGATAGCACGGCGATCTGGACGTTGACAGCCT,409,107.3809856,0.000107381,,,,,
115,TAGGGAAAAAAGTATAAGCAGAGGGGAAACGTAAGACCTT,408,107.1184404,0.000107118,,,,,
116,AGGAGGGAGAGATACGAGGGTCTTTTACTGGCTAGGCCTC,408,107.1184404,0.000107118,,,,,
117,AGGGAATGGATGGAATGGTAAAAAGGTTAGACGCTAAGGA,403,105.8057145,0.000105806,,,,,
118,TGAATGAGATTGGGAGAAAATTAGGAGGAGAACACAAAGC,402,105.5431693,0.000105543,,,,,
119,AGAGAAGAGTACACATGGTTGACCGATCTAGGTGAATTTA,401,105.2806241,0.000105281,,,,,
120,AAGAGAGGGACAAGTAACAACGCCTTCGGATGGATGGGCC,400,105.0180789,0.000105018,,,,,
121,AAATTTGAAGAAAAGAGGAAGGGTAATGTTACATGATAGC,399,104.7555337,0.000104756,,,,,
122,ACAATGGGGGAAGATTTAGAAAGTACAAGCGCGTTTCCTT,398,104.4929885,0.000104493,,,,,
123,AGGAAAAACAAGTGAGGAAAGAGAAGCACACGTTTAGAGA,394,103.4428077,0.000103443,,,,,
124,ACAGTTAGAAGAAAATAGCTTAGAGAAGAAATCCACGACA,393,103.1802625,0.00010318,,,,,
125,TGAAAATAAATTAGAGAGGTAGAAAGAGTAAAATCCGCGC,393,103.1802625,0.00010318,,,,,
126,CAAAAGAGAGAAAGAAATCAAAAGATAACGAAGCTGGGAC,393,103.1802625,0.00010318,,,,,
127,CGAGAAAGACAGAGAATAACACATCACGAGCCCTAGAGAA,392,102.9177173,0.000102918,,,,,
128,AGAGAGAGAAAAAGTGAAGCGACGCTGCTGAGGATTGCCA,390,102.3926269,0.000102393,,,,,
129,TAACCTAAAAAAGTGAGGGACAGTGGAAGACGGGGCGATT,388,101.8675365,0.000101868,,,,,
130,AAACCAGTAAGAAAGTAAGTAAGAAGGACACGGCCGCCTA,388,101.8675365,0.000101868,,,,,
131,ACAGAAAAGAGGAGTACCTTAAGAAATACATGTAAGCTGA,387,101.6049913,0.000101605,,,,,
132,AGAGAGAGGTGGAAGGGGAACAAAGACGTGCTAAAGAGGA,387,101.6049913,0.000101605,,,,,
133,TGAACAAAGAACAGGACAGAAAGATAACTACGATGCGCTT,385,101.0799009,0.00010108,,,,,
134,ACCTGAGAGAAAAAAAAAGATGAAGAGGACCGACGAGCGA,384,100.8173557,0.000100817,,,,,
135,CAAGGATAAATGTTAACAAGGTGAAAGGAAATAAGCGCTT,383,100.5548105,0.000100555,,,,,
136,GTTAAAGAGATAGTAAAAGTGGAAGAGACAAACAAGCGCT,382,100.2922653,0.000100292,,,,,
137,AGGGGAAAGGACACTACGCTAGGGGAGGTGAATTGGGCTA,381,100.0297201,0.00010003,,,,,
138,AAAGAAGATGAGAGAAGGGACTATTGACGATTTGGTAGAC,380,99.76717492,9.98E-05,,,,,
139,AAAGAACAGTAGAAACATTGGAAAACACGCAATTTCATGA,379,99.50462972,9.95E-05,,,,,
140,ACGCATAAGAAGAGAAAGTTAGAGGGACACGTGAATAGGT,375,98.45444893,9.85E-05,,,,,
141,ACAAGGAGAGTTTATGAAAGGAAGAACATCACCAAGCTAT,375,98.45444893,9.85E-05,,,,,
142,AGAGAAAAGAATCAGAAGGGGGAATATTAAATCGACGAGC,374,98.19190374,9.82E-05,,,,,
143,TGGGAAAGGAAAAAAGGAGGAATGAATACCAGCGTCTCTG,372,97.66681334,9.77E-05,,,,,
144,AAAACAGAAGAATACGAAAAGAGGGGGAGCGATCGATCAA,368,96.61663255,9.66E-05,,,,,
145,TAAGAATAGCAGGGGAAAGAAGGGTTAGAACGGATGGAGA,367,96.35408736,9.64E-05,,,,,
146,TGAGAAGAGGAAAAGGAGAAGATACGACACTAGGAATGGA,367,96.35408736,9.64E-05,,,,,
147,ACAACAGAGAGTGGGAAAGGTAAAAATACGCGTTGCTGTT,366,96.09154216,9.61E-05,,,,,
148,AAGGGGAGAAAGGGTCGCGAATTGAGCTGATATAGAGAAT,364,95.56645176,9.56E-05,,,,,
149,TACACCTGAAATAGCAAAAACATTAAACACGGATAGGTCC,361,94.77881617,9.48E-05,,,,,
150,AAGAGACAAGAAGATGAAAACAGAGTCACCGAAGCTCTAC,360,94.51627098,9.45E-05,,,,,
151,CAATAGAAACAAACATAGAGGATAATAACGCTTCTCCAGA,359,94.25372578,9.43E-05,,,,,
152,AAGACAACATACAGATATTGAGAATATATACGGACCTCTA,359,94.25372578,9.43E-05,,,,,
153,AAGGAGAAAGAGGTAGAAGGTCATACGGGATGTGGCCTGT,358,93.99118058,9.40E-05,,,,,
154,AAGGAAAAACAGTTGGGGAAGGAGAGACAGGTACGGGCTT,358,93.99118058,9.40E-05,,,,,
155,AGACACTAGAGGAATAAGTGAAAGATACAGCTCGCACCGG,357,93.72863538,9.37E-05,,,,,
156,AGAACAGGCAACAACGCAAACTTAGTATCTGTATTGGCCA,357,93.72863538,9.37E-05,,,,,
157,CAAAGACTGTAGCTCGGAAGTGTATCGTGTTGCGACTGTG,355,93.20354499,9.32E-05,,,,,
158,AGAGGGAAAAAGATTAATGGAAACGACGGATCTTCTGATT,354,92.94099979,9.29E-05,,,,,
159,ACGGGAGAGAGAAGAATGAGAAAAGCAGACGCGAGGCAGT,353,92.6784546,9.27E-05,,,,,
160,GGACAAGAAATTGGGAGAGATTAAAAAGCAGCTCTGAGGG,352,92.4159094,9.24E-05,,,,,
161,CGGGAAAGAGGAGAAAAAGAGACAACACGGCAATCAGGTA,351,92.1533642,9.22E-05,,,,,
162,TAAATAGGAAGGTGATAAGAAGGGGATTGTCGATGCGTGG,351,92.1533642,9.22E-05,,,,,
163,AAAGAGAGAAGAGTAAATAACAGACAGGCCGTTAAACCGA,351,92.1533642,9.22E-05,,,,,
164,ACATTGGGAAGAAAAAGAGGGTCATTATACGACGGTTCAT,349,91.62827381,9.16E-05,,,,,
165,TAGAAAGAAGGGGGAAAAGGAAAAATACACGAATGTTTTG,348,91.36572861,9.14E-05,,,,,
166,AACAAACACAGTCAAGAGAACGACTAAATTGATCTGGCCT,347,91.10318341,9.11E-05,,,,,
167,AGGAAGCATAAAGAGAGATTAGATCAGATTTGTTACGACC,347,91.10318341,9.11E-05,,,,,
168,GGAAAAGATGGAGAAATTGAAAAAAACTAAAGAAAGCTCG,347,91.10318341,9.11E-05,,,,,
169,CAAACTAGTTTAACACCCACATAAACGACGACAGTGATAA,346,90.84063822,9.08E-05,,,,,
170,CAACAGGGAAATATAGCTATTAAAGGAATATGATACGGCA,346,90.84063822,9.08E-05,,,,,
171,TAGCAACAAAAGATTAAGGCAAGATATACAAGCGCGTACT,344,90.31554782,9.03E-05,,,,,
172,ACGGGTGGAGAAAAGAGAGACGGACAGTACACAAGGGCTT,343,90.05300262,9.01E-05,,,,,
173,AAACAGGAAAAAAGAGTCAGACAGCTCAGACGTTCGTAGC,343,90.05300262,9.01E-05,,,,,
174,TCACAGGAAGCAAGAAAAGATAAAAACGAAGCTTGTCCAA,342,89.79045743,8.98E-05,,,,,
175,CAAACAAGAGAAACAAGAGAGTTAGAGTGTCAGACAAAGC,342,89.79045743,8.98E-05,,,,,
176,AGAGAAAAATGAAGAGAATTTGAGGGATACATGATGGTGT,340,89.26536703,8.93E-05,,,,,
177,AGGGAGAAAAGAGACACAACGAGCTTAGTAGATATCGGCC,340,89.26536703,8.93E-05,,,,,
178,AAAGAGGAATAAGGGAAACGCGCTCAATCGGTGGATTGTG,340,89.26536703,8.93E-05,,,,,
179,AAGGAAAGAGAAAAAATATGTTAGAAGAAAGATAGGATGC,338,88.74027664,8.87E-05,,,,,
180,TAGAACAAGAGAGACAGAAAAAGTACGGAAGCGTGAACCA,338,88.74027664,8.87E-05,,,,,
181,AAACTAATTTGGACAGTGATTAAGACAGCACACACCTCTT,338,88.74027664,8.87E-05,,,,,
182,TAAAAGGAGATACAAAGAGTTAACAAAAAAAGCAACGCGC,337,88.47773144,8.85E-05,,,,,
183,AAGGAGAATAGTAAAAGGGCAAAACATCACGGAGTCTCTC,337,88.47773144,8.85E-05,,,,,
184,CCAGAGAAGGGAATAAGAGTGAGGAAAGACGATGGTCGAT,336,88.21518624,8.82E-05,,,,,
185,AGAAAGAGGTGCAAACAGCGAAGCTCTAGTTTTGTAGGCA,335,87.95264105,8.80E-05,,,,,
186,AAGAAGAGAAGTAAACAAATTTACACAAGCCGCCCCTAGA,335,87.95264105,8.80E-05,,,,,
187,AACATAAGGGGAGGAAGAAGATACACAAGTCCTTATCGTA,335,87.95264105,8.80E-05,,,,,
188,AGTGGAGATAGAGAGAAACAGACGACGATCAGGTGGGGCC,334,87.69009585,8.77E-05,,,,,
189,AAAAAGGGGAAAATAGAAGAGATTGAATACACGGAACCGG,332,87.16500546,8.72E-05,,,,,
190,AGAAGAAAAAATTACATTATGACTAGATAAAATACACGTG,330,86.63991506,8.66E-05,,,,,
191,GCAGAAAGGGTAAGGGTAAGAGAAGAACGATGCGCAAAGA,330,86.63991506,8.66E-05,,,,,
192,CGGTAAAAGAAAAGGGAGTAGAGAACTCGCGCGCTAACAA,328,86.11482467,8.61E-05,,,,,
193,ACAGGGAAATAATTCGAATAACAGAATGGCGATCTTCAGT,328,86.11482467,8.61E-05,,,,,
194,CAGCAGTAATAAAGGAAAAGGAAAAAATAAAATTCAAAGC,325,85.32718908,8.53E-05,,,,,
195,CAACTGGGGAAAAAATAATAAGAAGCACAGTAATAGCCGA,324,85.06464388,8.51E-05,,,,,
196,AGAGAAGAGAAAGGACACCGATGCACATGAGAGCTGAATG,324,85.06464388,8.51E-05,,,,,
197,ACAAGAAATATACAAGAAGGTGGACATAAAAAACGTAAGA,324,85.06464388,8.51E-05,,,,,
198,AAGGAAAGGACAGATGTATTTACGACGTGTGTGCTGCGGA,324,85.06464388,8.51E-05,,,,,
199,AACTCATACAAAGAGAATTAACAGAATACACCAGCGACAT,323,84.80209868,8.48E-05,,,,,
200,AGGAAGGGGGTACGACGGCGGTTTCCGGTATAAAGGGATA,321,84.27700829,8.43E-05,,,,,
201,CAGAACAGGTACAAAAGATAAACAGCGCTTCGAATCAGAT,321,84.27700829,8.43E-05,,,,,
202,CGACGAGAAGGGAATAAACAGTGAGAAGAAGAACTCGACC,320,84.01446309,8.40E-05,,,,,
203,TAAAGAAGGTAGGGAAACAGGGAGATTTGTAAGGCCAGCA,319,83.75191789,8.38E-05,,,,,
204,AGAAGAGATAGAGAGAACGACGCGACTGAATCCGAGAAGA,317,83.2268275,8.32E-05,,,,,
205,TACAAGAACAGAGTTACAAGAGGTATAAAAGTAAAGGCGC,317,83.2268275,8.32E-05,,,,,
206,CAGGGGGAGTGGGTAAAGAGTAAGAAAGGAACAAGCGAGA,317,83.2268275,8.32E-05,,,,,
207,AACAAAAGAGGGATCAGTAAGAACAAACACGATGTCTCTC,317,83.2268275,8.32E-05,,,,,
208,AACAGTGAAAAAAGAGCAACCATAGATTACCCTAGCGATG,317,83.2268275,8.32E-05,,,,,
209,CACAAAGACAGAATATATGGAAACGACGACAATTGTACGA,316,82.9642823,8.30E-05,,,,,
210,AAGCACAAGAAAGAGAGGGAGAAAGGGAAACGCGCGGCCT,315,82.7017371,8.27E-05,,,,,
211,TGGAATGAGAGGGACATACAGAGGAATTAACAAGCTCTAT,315,82.7017371,8.27E-05,,,,,
212,TAGGAAGGGAAAGGTAATAGTAAACACAGCGATGGTAGGA,315,82.7017371,8.27E-05,,,,,
213,AAACAAAGGGGATAGTGAGATTCAAGACCGTTCGACCGTA,313,82.17664671,8.22E-05,,,,,
214,AGAGGAAAGGAAAACAGTCGCAGAAAGCACGCACTTCGAT,311,81.65155632,8.17E-05,,,,,
215,AAGAAATAAGAGAGCAAATTACACGGAAGAAAAGCGAGTT,311,81.65155632,8.17E-05,,,,,
216,AGATAACAAACATAGTTACAGAAGTACAGTACGACCTTTT,311,81.65155632,8.17E-05,,,,,
217,AATGTTCAGGAAGGGGAAATCCTATCATGGCGCCTCTCAG,311,81.65155632,8.17E-05,,,,,
218,GGAAAGAAGGTAGAGGATAAGAGGATATGGATACGGCGGT,310,81.38901112,8.14E-05,,,,,
219,AAAAGTGAAAAGGAGAAAGGGAAGTCGACGGTCATAGAGG,309,81.12646592,8.11E-05,,,,,
220,ACATACTGGGGATAAACGGACAATAAACGCAGGACGCAGA,308,80.86392072,8.09E-05,,,,,
221,AAATGGGGGAGGAAAAGAACAATGAATAACCATAGCGATG,308,80.86392072,8.09E-05,,,,,
222,ACACCAATGAACAGTACACTCTTATAATAAGCTCTACCGT,306,80.33883033,8.03E-05,,,,,
223,AGAGAGTGGGGAATTAAGACGGGACAAGAGGGATTATCGA,305,80.07628513,8.01E-05,,,,,
224,AGAGGGGAACAAAACAGAAATGTGAGGAAAGACGATCTGC,305,80.07628513,8.01E-05,,,,,
225,CGCAGATAACAAGGGAAAGAGAAAGTACAGGGATAGCAAG,305,80.07628513,8.01E-05,,,,,
226,AGATGAAAGTGTAGAAGGAAGGATAATCCGAGCGATTCGA,304,79.81373994,7.98E-05,,,,,
227,AGCAAAATGGGAAATGGAACAGAGGAGACGGACTTATGTA,304,79.81373994,7.98E-05,,,,,
228,AAGGAAAAGGGAGAGGCACGCGTTCGCCAAGGATTAGGCA,304,79.81373994,7.98E-05,,,,,
229,TGGGAAAATAAAAAAAACAGACAGAAGGAGCGGCGAGATA,303,79.55119474,7.96E-05,,,,,
230,AAGCAAACAGTCAAATTAGAAAGGGGCACGGCGTGATTAA,303,79.55119474,7.96E-05,,,,,
231,AAGATGGTAAGGAGAAGGGATATATAAACAGTTCGGGAGA,302,79.28864954,7.93E-05,,,,,
232,AGAAAAGGAATGAGACAAAAGTGGTAGATCGACGGTCCAC,302,79.28864954,7.93E-05,,,,,
233,AAACAGAACAGGGACGGCGCAACATACGGTGATTGGCGAC,302,79.28864954,7.93E-05,,,,,
234,TAACAGGAGACAGAAAGACAACGAAACTGCGATATACGTA,302,79.28864954,7.93E-05,,,,,
235,AGGAGAAGAGAAACCCGTGCGCGACCTACTTATGTCTGAT,299,78.50101395,7.85E-05,,,,,
236,AAGAATGAGAGGAGAAATGGAAAGATGATTCACGGCGCAG,299,78.50101395,7.85E-05,,,,,
237,ACAAAACAGGTCAATTAACAAGGAATAACGGCGTCCTCTA,298,78.23846875,7.82E-05,,,,,
238,AGACATTAAAAGTAGAGGAGAAGGGAAAATAGGCGGTGTT,298,78.23846875,7.82E-05,,,,,
239,AGAGGAAAGAGGGACACGATGGCTATAGGGAGATATAGGC,298,78.23846875,7.82E-05,,,,,
240,AAGAGGAAAGGGAGAATTTAAAAGCACGGCAATTGATGGA,297,77.97592356,7.80E-05,,,,,
241,AAACAGACTCAAACAAGGGACGATCGTCCTTTCTGGCCAT,297,77.97592356,7.80E-05,,,,,
242,AACAGAGAACAATAAGTAAGACGCAAGATATGTAGGCAGT,297,77.97592356,7.80E-05,,,,,
243,AGTCAAGTGGAGAGAAATGTGAGGTAAAGAGTTACACAGC,296,77.71337836,7.77E-05,,,,,
244,AAAGAGAACGGAGAAGACCCAATCATAGCCGACACTACTT,296,77.71337836,7.77E-05,,,,,
245,AAAGGGAAATGTAAAAGAAAAAAGAGCGACGCAGTACCGG,295,77.45083316,7.75E-05,,,,,
246,AGAAAGAGAGATGACAAGAGGCGCTTATGTATTACTAGGC,295,77.45083316,7.75E-05,,,,,
247,GAGGAGACAGTTAGAAAGAAAATAACAAAGCTATGTGCGA,294,77.18828796,7.72E-05,,,,,
248,AGGGAAAGGAAGGGATTAAGAGGACATAACGCGATGCGGG,294,77.18828796,7.72E-05,,,,,
249,AGACACAGGAGTATACGATGCCTAACGGTCTGTTGGGCTA,293,76.92574277,7.69E-05,,,,,
250,AATGGAATAGGGAAAAGGAATAAAACGAAATAAAGCGAAT,293,76.92574277,7.69E-05,,,,,
251,AGGAGAAGGGAAAACAAAGCGAGTCTGGCATCAAGAGGCC,293,76.92574277,7.69E-05,,,,,
252,TTAGAGAGGGGATATGAATAGGGAAATCACGGTAGCTCAA,292,76.66319757,7.67E-05,,,,,
253,CAACATAAAACTACAGAGAGGAAAAACAGCGCGCTCCATA,291,76.40065237,7.64E-05,,,,,
254,GGAAGAAAATGAGAGAGTAAATAAGACTTAACACGCTACT,291,76.40065237,7.64E-05,,,,,
255,CAAAACGGGGAAGGAGAGAATAGAAACGTCGCGCTTGGGA,290,76.13810718,7.61E-05,,,,,
256,CAACATGAAATAGACACGCAAATACAAGACCTTGAACGGA,290,76.13810718,7.61E-05,,,,,
257,ATTAAGAAGGAAGATAGACAGGGAGGCGACGTTTAATCGA,290,76.13810718,7.61E-05,,,,,
258,AAAGAGAAGAAACTTATAGAAGAGTACACTAGGCCAGTGA,289,75.87556198,7.59E-05,,,,,
259,CTAGACAGACTAAAATACAAGGATAAACGACCGATAGCGA,288,75.61301678,7.56E-05,,,,,
260,ACAAAAGCTAATATAGTAAGGACAGGGAGGAGACGTAAGC,288,75.61301678,7.56E-05,,,,,
261,CAGACACATGAACGAAAAAGGAAACAATACACACGCTTGG,287,75.35047158,7.54E-05,,,,,
262,ACACACTAGGAAGAAAAAGAAGTTCTGCGAGATGAGGCCT,285,74.82538119,7.48E-05,,,,,
263,CACTAACTGAGCAGAAGCGGTAGATTGGAGGGTTGCGTGG,285,74.82538119,7.48E-05,,,,,
264,ATAAAAAAAGAGTAGAGGAGATAAACGGCGTGATTCTTGA,285,74.82538119,7.48E-05,,,,,
265,ACAGAAAGAGAATCACAGGGAGCCAGATCAGGAGGCCTAT,285,74.82538119,7.48E-05,,,,,
266,GGGAAAAGGAGAAGTTAGAAAAGAGATACGCTAGGCTCGA,284,74.56283599,7.46E-05,,,,,
267,AGACCATCAGGATAAAAGGGAAAAGAAAGGACCAGCTCGT,284,74.56283599,7.46E-05,,,,,
268,TAGTGAAAAAAGAGGGCAGGAAATAGTTTAACAGCTCTTC,283,74.3002908,7.43E-05,,,,,
269,ACATCACAGAGAAAGATGAGACAAATAGCCCACTCCGATC,283,74.3002908,7.43E-05,,,,,
270,AAAGACATGTGGCAAATAAGAAAGAAATAACAGGGCGATT,283,74.3002908,7.43E-05,,,,,
271,CGGGGATGGTTGCAATTATGAAGCAGAAGAGGGGAGTGTA,282,74.0377456,7.40E-05,,,,,
272,AGCAAGGGAGAGAAACTGGACGACGTAGATTTGAGAGGTG,281,73.7752004,7.38E-05,,,,,
273,AAGGAAGAAAGAGATTCGACGCGTGGGCTGAAAAGGCTGA,281,73.7752004,7.38E-05,,,,,
274,AATGAGATAAATGGGAAAAAGAAACAGCGCACTTCTTTGA,281,73.7752004,7.38E-05,,,,,
275,AAACAAAAGGATCAGAATCAGAATAACACAATAACCGCAC,281,73.7752004,7.38E-05,,,,,
276,AAAGGGTAAGCTAGACAGGAAGGATCATGCGATCTTATGA,280,73.5126552,7.35E-05,,,,,
277,AAGGTAGAGGAAAAAAGAAAAGGAGAAGGACTAGGCCACA,280,73.5126552,7.35E-05,,,,,
278,TACAGATCAAGAACAGATAAAAAGACAACAAACAATGACC,279,73.25011001,7.33E-05,,,,,
279,TAACACAAAGAGAAGACACGCGACTCCCTTCGGATTTGAT,278,72.98756481,7.30E-05,,,,,
280,AGATACAAAGAAGAAATAGCTCACGAAAGCGACTCAGTAA,276,72.46247441,7.25E-05,,,,,
281,CAGAAATGAGAAAAGAAAAGGCAACAAAGATTCTTCAGTA,275,72.19992922,7.22E-05,,,,,
282,GGAGAAAAAGAAAACTTAATCAGCGACCGCCTTGCAAAGA,275,72.19992922,7.22E-05,,,,,
283,AAGAGTTGTAGGAAAAGAGGGGGATAACATGAGCGACCGA,275,72.19992922,7.22E-05,,,,,
284,AAGACTAAAACCAGAGATACGACAATAACGACGACTTCTA,275,72.19992922,7.22E-05,,,,,
285,AGATTAGAGAAAAATAAAAGAGTGAGACAGACGCGTGAAG,275,72.19992922,7.22E-05,,,,,
286,AAAACAACAAAGATGATAAAAGACACTGATGAGAATATAA,275,72.19992922,7.22E-05,,,,,
287,AAAGACAAATGGAAAAGGCATCACAAAGTTCTAAGACCGA,274,71.93738402,7.19E-05,,,,,
288,AGAATTGTCTAAAAAAGAGAGAGAGAAGGGCTACGACAGC,274,71.93738402,7.19E-05,,,,,
289,GGGAAAATAATATGTAGATAAGGGATAAACATAAGCGACC,274,71.93738402,7.19E-05,,,,,
290,AGAACATAAGAAAAGGGGGATACATAGAGCACGAGGCCCG,273,71.67483882,7.17E-05,,,,,
291,TGTGACAGAGAGAAAGTAGAAAGTATAAGACGGCTGCCGG,272,71.41229363,7.14E-05,,,,,
292,AAAAGGGGCAAAGAAGAATTTCTATTCACGAGCCTGATGA,272,71.41229363,7.14E-05,,,,,
293,AGGGAAAAAGATGGGAGATCGACACGATTAGCGTATACGA,272,71.41229363,7.14E-05,,,,,
294,AACGCCAGAGGAAGAGAGAGAAAACCACACGCGAAGAAGT,272,71.41229363,7.14E-05,,,,,
295,AGGGAAGATTGAGAAGAGGACTAAGCGGCGCAAATGGAGA,271,71.14974843,7.11E-05,,,,,
296,AGAGAAAAAGAATTTAAGAAGAGGTTAGGGGCACGGAGCG,271,71.14974843,7.11E-05,,,,,
297,CAAACAGGGAGAATAACATATAACACTAGCGTGATGCTGA,271,71.14974843,7.11E-05,,,,,
298,CAAATCAATAAGACAAGACAGGAAACTAACACGAGATATC,271,71.14974843,7.11E-05,,,,,
299,AGAGGAAGAGACAAAGACGTCGCTTTTCTCAGATGATAAG,270,70.88720323,7.09E-05,,,,,
300,AGTAAAAGGAAAACAGAAAGTAAGCGACGGTTAGTTAAGA,270,70.88720323,7.09E-05,,,,,
301,AAAAGAAGGTTAAGGGAAATGAAAGATAAGAGGTCTGCGA,269,70.62465803,7.06E-05,,,,,
302,AGGAGCATAAGAGGGAGGGAGGAAAGGTACGGCGATGGTG,269,70.62465803,7.06E-05,,,,,
303,AAGAGAGATGGGATAGTACGACAACTTCCATTATGGCCTC,269,70.62465803,7.06E-05,,,,,
304,AACAGTAAAGGAATAACACGGTAAAAGAGGAGCACGGAGC,269,70.62465803,7.06E-05,,,,,
305,ACAGAAGAGATGAATTACCCAACACGTAAGATCTTTGGGA,268,70.36211284,7.04E-05,,,,,
306,ATAAAGGAAAGAGATAATAAATAACAAAAGCTCACCGTGA,268,70.36211284,7.04E-05,,,,,
307,AAACTATGAACATCCAAATTGAAACAGAATAAACACACAC,268,70.36211284,7.04E-05,,,,,
308,AGAGAAAAGGGAAGAGAAAAGGGACAGACCGCGACCGATA,268,70.36211284,7.04E-05,,,,,
309,GGGAAGAGAGAGAGAAGTTCCGAGCATGATGGGCTGGCCA,267,70.09956764,7.01E-05,,,,,
310,AATAAAGAAATATGAGACATGAAAGAACCAGAGACGGGGC,267,70.09956764,7.01E-05,,,,,
311,CAAAGAGAATATAAGATGAAAGAACAGGTGTTACCGGCGA,266,69.83702244,6.98E-05,,,,,
312,AGACAGGAACAGACATGAACAACTTTCGGACGATAGGAAC,266,69.83702244,6.98E-05,,,,,
313,ATATCAGAAGGAAGAACGTGGTAGAAGAAAAAATACGACC,266,69.83702244,6.98E-05,,,,,
314,ATCAACAATACAAGAGACAGAAGGAGGCACGATGGGAGAT,266,69.83702244,6.98E-05,,,,,
315,ACACAAAGAGACAGCTTAGAGGACAGAGAAACGACACTTT,266,69.83702244,6.98E-05,,,,,
316,AGACAACGAAACAGATATTATATGACGACGTGTTTAAAGA,266,69.83702244,6.98E-05,,,,,
317,GGAAAAGAAAAAGAAACAAGGTTGTACACAAGTGATGAAA,265,69.57447725,6.96E-05,,,,,
318,ACAAGGGATACAGAATAAAGAGATATCGGCGGGAGTATGA,265,69.57447725,6.96E-05,,,,,
319,AAAGACAAGACACCAATCGACCCGAGGATCGATAGACATT,264,69.31193205,6.93E-05,,,,,
320,TAAGGGAGAAGAAGAGGTAAATAGGAGAAACACACGCATT,264,69.31193205,6.93E-05,,,,,
321,AAAACAAGAGAATTGAGAAAAACTAATCTAGCACTCCGAA,264,69.31193205,6.93E-05,,,,,
322,ATCATAGAGAACAGAAGAATAAAGGGAACAGCTGAACCAA,264,69.31193205,6.93E-05,,,,,
323,AGAGAGACAAAAACACACGGATTACCACCGAGGTAGGCCA,264,69.31193205,6.93E-05,,,,,
324,ATGGAAAGAGTGTAAATAGAAGGAGTACAGACGCCCGGGA,263,69.04938685,6.90E-05,,,,,
325,GTCCCAGGAAAGAAAAAACATAAAAGGAGAGAGTACAAGC,263,69.04938685,6.90E-05,,,,,
326,ACATGAAAACCTACACTAAATTAGACTACGACGGGCCTTT,263,69.04938685,6.90E-05,,,,,
327,AAAAGGAAAGGTAAGTAGAAAAAAGATAGCCGGGGCACTT,263,69.04938685,6.90E-05,,,,,
328,AGAGTAGACAAAGAAGGAATAGAAAATCACGCTCAGGAGG,263,69.04938685,6.90E-05,,,,,
329,ATCAGAAAAAGAGAGGAAAAAAACCCCGTGAGCCTGAAGA,263,69.04938685,6.90E-05,,,,,
330,TTGGGAGAGAAAAAAGGGAGACCGACAAAGCGATTTGCGA,262,68.78684165,6.88E-05,,,,,
331,AAAGAGACAATAGATGGGAAAGATGGTCCAGACGCTGCAT,262,68.78684165,6.88E-05,,,,,
332,CCAGGGAGTACGAAAGAGAAAGTAAAAAAGCAGACACAGA,262,68.78684165,6.88E-05,,,,,
333,AGTGGAGAGAAATTAAGGTAGAAATACAAGTACGCTCGTA,262,68.78684165,6.88E-05,,,,,
334,ATAAGATGGAAAGAAGTAATACAAATAAGAGAAACCTAGC,262,68.78684165,6.88E-05,,,,,
335,GGAGATGAAAAGGGGATATAAACATGTAAGTGAACTACGA,261,68.52429646,6.85E-05,,,,,
336,ACAACTTATAATTAAAGAACCAGGGAGAGTCACAGATATT,261,68.52429646,6.85E-05,,,,,
337,AAACAACAATATGGGATGGAGAAATAATACAAGTGCGCCT,261,68.52429646,6.85E-05,,,,,
338,ACAAGACAAACAAAATTACTAACTACGTAAGCTAAAACGG,259,67.99920606,6.80E-05,,,,,
339,GGAGAGATAGAATACAGAATAGACGCGCGATCGTTTAGCT,258,67.73666087,6.77E-05,,,,,
340,AAGAGGGAAAAGGGAAGGGCGACCCTGCCGATATGTTAGC,258,67.73666087,6.77E-05,,,,,
341,AAAGACAGAGGGAAACACAATAACTTAAGCGACTCTCCTT,258,67.73666087,6.77E-05,,,,,
342,CACAGGAGATTAGAGAAATATGAGGTTCACGGCAGCTCCT,258,67.73666087,6.77E-05,,,,,
343,AGAAGTGGGAAAGAAGCAGCGAATTGTTGATCTGAGAGGT,258,67.73666087,6.77E-05,,,,,
344,AGAAGGGAGGGAGAGAATGAGGCTAGGACGAGCTGGGCAA,258,67.73666087,6.77E-05,,,,,
345,GAACAAGGAAAGGTATTAGAAGCGATCCGGACTGTGGCTT,257,67.47411567,6.75E-05,,,,,
346,TAGCGATAGGGAGAAAGAGGAAAGGGAAGAGACAAGAGGC,257,67.47411567,6.75E-05,,,,,
347,AGTTAAGGTGAGAGGGAGAGAAAGGCGCGCGTTCCGTAAA,257,67.47411567,6.75E-05,,,,,
348,ACAAACAGAAAGAACGCGGCGTTCCTGACGTTCTTATTGC,257,67.47411567,6.75E-05,,,,,
349,TTAACTAGAATAGAAAACAGTAAAAACTGCACTAGCGATG,256,67.21157047,6.72E-05,,,,,
350,ACCAGGGAAACAAGGGTTAAGAAAGAGGCACGACAGGCCA,256,67.21157047,6.72E-05,,,,,
351,AAAACAAACTAGCAGGAAAAGGATCCGAACACAGCGACTT,256,67.21157047,6.72E-05,,,,,
352,GAGGAGTATAGAAATAAGGGAGAGATCACCACGCTTCGGA,256,67.21157047,6.72E-05,,,,,
353,GTGAAAAGTGTGAATATACAAGGGAAGGTAAACGCGATCT,256,67.21157047,6.72E-05,,,,,
354,AAGAGCAGAGAAAGAGCTAAAGAGGACAAGGCCATTCAGA,256,67.21157047,6.72E-05,,,,,
355,ACAGAGAAGACAAGAATAGGGTATGAAACATGACGTGCGT,256,67.21157047,6.72E-05,,,,,
356,TGGGAAAGGAAAGAGGGCGATGATCTTGACGTGGATAGGT,255,66.94902527,6.69E-05,,,,,
357,AAGAAAGAAAGTAATGAGAGGGAAATATAATCAGCGAGGG,255,66.94902527,6.69E-05,,,,,
358,TACGTAAAGGAATAAAAGGGAAAAGAGAAAACCGACGGCC,255,66.94902527,6.69E-05,,,,,
359,GGGGAGGGAGAAGATGAAGACAGGACGTATTACGAGGTGA,254,66.68648008,6.67E-05,,,,,
360,AGAGGAAGAGAATTATCATGACGATGTGGAAATCTGAAGC,254,66.68648008,6.67E-05,,,,,
361,GGCAAGAAACCTAGGAGAAGACAGAACAACGATGAATCTT,254,66.68648008,6.67E-05,,,,,
362,GCCCAGAAAGAAGGAGAGAAGTAAGGAGAGGTAGACAGGC,254,66.68648008,6.67E-05,,,,,
363,AAACACAGAATACAAAGGGAATACATAACGTCGAGGGAGA,253,66.42393488,6.64E-05,,,,,
364,AAAAGAACAGGGGTAGGAAGGACAGACAGGTAAGCGATTT,253,66.42393488,6.64E-05,,,,,
365,AAAGGTAAACAGAAGAAAGTATTAGGCGCTCGAGATACGA,253,66.42393488,6.64E-05,,,,,
366,AGAAAAGAGAGAAGGGAACTTTAAAAAGCACGTTGGATGC,253,66.42393488,6.64E-05,,,,,
367,AAGGAAGAAGGAGTAGTTAAGAAAATCACGTGCGATGGGA,252,66.16138968,6.62E-05,,,,,
368,AGTGACACAAAGAACAGACTAGAATATAATCACGAGTGCC,252,66.16138968,6.62E-05,,,,,
369,GAAATTGTAAGAGAGAGGATAAATGGACGCGAACTTCTGG,252,66.16138968,6.62E-05,,,,,
370,AGCAAAGTGGAGATGAAGACGATGTTACGTGGATGGTTAT,251,65.89884449,6.59E-05,,,,,
371,AGTAAGAGAAAAATGAGGTAGGAAGAGAACAAAGCGAGTG,251,65.89884449,6.59E-05,,,,,
372,AAAGAAACAGAAGAGAGTGAGACGCGTCATGTATCTGATT,251,65.89884449,6.59E-05,,,,,
373,AGATAAGAGTGAAAGGGAACAATAATTTAGGCGACGATCC,251,65.89884449,6.59E-05,,,,,
374,AAACAAAAGCGACAAGAACAGTGATGCATCAGACCTCTTT,251,65.89884449,6.59E-05,,,,,
375,AGACAACAAGAACAATAATAGGAAATAATCAGAACGCCTC,250,65.63629929,6.56E-05,,,,,
376,GGGAGGAAAGTACACTGATGCTCCGTTCTAGGATAGGAAT,250,65.63629929,6.56E-05,,,,,
377,CGGGAAAGCAATAAGTAAAGAGGAGTACGCGAGGGGATGA,250,65.63629929,6.56E-05,,,,,
378,AGACAAGGAAACATACACGTTGCGTGCTGTAGATCGGTAG,250,65.63629929,6.56E-05,,,,,
379,ACACAAAGAGCTAATGTAGAAAAAGGAGGTTTAGCGACGA,250,65.63629929,6.56E-05,,,,,
380,AGCACCTTTGAGGAAGAACATGAGGAAAGAAAAACAGCTC,250,65.63629929,6.56E-05,,,,,
381,TGGAGAGAAAGAAGAAGAAAAAAGGTATTACGTTAGGAGC,249,65.37375409,6.54E-05,,,,,
382,AAGAATTAAAGAAGGGGAAGGTACACACGCGAACACAATT,249,65.37375409,6.54E-05,,,,,
383,AAGAAGAGCATAGACACGATACAAGACAGCGAATGAACGT,248,65.11120889,6.51E-05,,,,,
384,TAAAAGAAGGAGGGGAAGAAAAAAAATTTAGATCGTTCTT,248,65.11120889,6.51E-05,,,,,
385,AGTGAAAGGTTATTAGGAAGGGGAAAAGTGCGCGGTCTTC,248,65.11120889,6.51E-05,,,,,
386,GGAGAAAGAATAAACGAAGCACTATTCCGACTATGGCCAT,248,65.11120889,6.51E-05,,,,,
387,AATTCAAGAAGTGGGAGAAGGGAATAAACAGCCTGAGTGA,248,65.11120889,6.51E-05,,,,,
388,AGAACACAAAAAGAGGAAGGGTAGGAGGTTAGACGGTCAT,247,64.8486637,6.48E-05,,,,,
389,AATGTTGAGAGGGGTAGAAAAGAGATTAACAGCTTCCTGA,247,64.8486637,6.48E-05,,,,,
390,AGGAACAGATTATAACTAACATAATACACGGTTAGGCCAC,247,64.8486637,6.48E-05,,,,,
391,ATACACAACAACTAACGCATGTACTGACTTCAGTATGGGA,247,64.8486637,6.48E-05,,,,,
392,ACAGAGAAAGGGTTAAAGTGTTTTAAAGGACCGATGAGGA,247,64.8486637,6.48E-05,,,,,
393,AGAAAAGTGAAGGGGGAAAATCTAGACGCACTTAGGATCG,247,64.8486637,6.48E-05,,,,,
394,ACAGCAACAACTATGAAATGACCTTTAGATCGATGGGCTT,247,64.8486637,6.48E-05,,,,,
395,TAAGATACTGAATACAACGCAAAACGCACGGCAGCTATTC,247,64.8486637,6.48E-05,,,,,
396,AAGCACAAATAGCACAAGAAGTAGGATCACAAGACTCTCT,246,64.5861185,6.46E-05,,,,,
397,AAATGAAAGCACAGAGGGAGAGAGTACGCGCGCTGGTTGA,246,64.5861185,6.46E-05,,,,,
398,TAAGAAGAAGAAACAGGAGAGAGTGGAAGTGTATAGATGC,246,64.5861185,6.46E-05,,,,,
399,AAAAGGTAGAGGAAAAGATGAGAAGAAATGTGAGGACGCT,245,64.3235733,6.43E-05,,,,,
400,CAGTAGAACAGGAAAGGAGTAGAACGATGCGGGTTCAGTA,245,64.3235733,6.43E-05,,,,,
401,AGTAAGAAAGGAAAGAAATTGAGATCAACCGGGCTGAAGA,245,64.3235733,6.43E-05,,,,,
402,AGAGAAAGAAGAGCAAGATGCTGGGGGTCTGGTAGGGTGA,245,64.3235733,6.43E-05,,,,,
403,ACTTAGTAGGGAAAGAGGGAAGGAGAAGTGACGCGCTCAA,244,64.06102811,6.41E-05,,,,,
404,ACAGAGATAAAACACACACGGAAGCAGATTTGGGGAGGCA,244,64.06102811,6.41E-05,,,,,
405,TAAGGAAAACAGTAAAGACCAGCTAGAGAGATATAGACGT,243,63.79848291,6.38E-05,,,,,
406,ATACAACATGTAGAGAGACAAAAAAAGGAGATATAGACGG,242,63.53593771,6.35E-05,,,,,
407,TACAAGAGAATAAAAATAGGGATTATATAGTTAAACGACC,242,63.53593771,6.35E-05,,,,,
408,CGCACCAGGAAGGCAACAAACAAAATACCGCGAATTACAA,241,63.27339251,6.33E-05,,,,,
409,TAAGATGTAAAAAGGGATGGGAGAATAAATTAGAAGACGA,241,63.27339251,6.33E-05,,,,,
410,AGAATAGCTAAAAGAAAAAAGGAGACATCATGACGCAAAT,240,63.01084732,6.30E-05,,,,,
411,CAGGAAAGAAGAGGGGTAAAAGTATTAGCGAGCCGTTCGA,240,63.01084732,6.30E-05,,,,,
412,GCCAACAAAAAGAGGGGAAGAAGATATTATACGTACGATG,240,63.01084732,6.30E-05,,,,,
413,ACATAAACAGCGGGAATCAACAGACACGACCAGGCTGATC,239,62.74830212,6.27E-05,,,,,
414,AATGTAGACAAGAATAGGAAGAAATCAATACAACGCGAGA,239,62.74830212,6.27E-05,,,,,
415,AACACACAGGGAAACAGAAGACTTACGCGAATGCGTTCCA,239,62.74830212,6.27E-05,,,,,
416,AGATAAACAAGATAAGACAAAGATTGGTCTACGACCACGT,239,62.74830212,6.27E-05,,,,,
417,AGGGGTGAAGTGAAAAGGAAGAGGTTCACAGGCGCTCGCA,239,62.74830212,6.27E-05,,,,,
418,ACATCCAGCAAAGACAAGAGAAAGCACGTACTGCGAATTC,239,62.74830212,6.27E-05,,,,,
419,CAGAGCAACTCAACAGAAGAAAAGTACCGAAGCCCTGTGA,239,62.74830212,6.27E-05,,,,,
420,AAAAGAACATAGACTTAAGACAAAGACCACGGGCGGTTTT,239,62.74830212,6.27E-05,,,,,
421,ATGGGAAAATTAGGATATAAGGAGAAAGAAGGGACAGACC,239,62.74830212,6.27E-05,,,,,
422,AAGGGAATAAGAACAAAGGAGAGGGTCAAGGATGCGATTT,239,62.74830212,6.27E-05,,,,,
423,AGAATAACACATGTAACAAAGCATCCGATCATATAAGGTC,238,62.48575692,6.25E-05,,,,,
424,GGCATTTAAGTAGAGAAAAACAAGAGAACAACAGCTTCTT,238,62.48575692,6.25E-05,,,,,
425,AAGCAGATAGGGAAAAAAGGGCTTCTTACGACCCTAGGCC,238,62.48575692,6.25E-05,,,,,
426,TTTAAGAGGGAAAGAGGAAGTAAATGTAGAACTAGCTCAG,238,62.48575692,6.25E-05,,,,,
427,CGAGAAAAGAGGGTTAACTAAAAATGGTACGACGTTGAAT,238,62.48575692,6.25E-05,,,,,
428,CAAACCAAGAGGAACAATGGGAAAATACGTAGCTATAAGA,237,62.22321173,6.22E-05,,,,,
429,AGTGTTAAAGGGAGAGGAAGAATCATGGCGGTATTTCGGG,237,62.22321173,6.22E-05,,,,,
430,ACAAAAAAGAAGGGAAGATAATAAAGACCTCTGAAAGGTC,237,62.22321173,6.22E-05,,,,,
431,AAAAGGATCAGACATCACGAGTTTAGTCCGATGGGTAGGA,237,62.22321173,6.22E-05,,,,,
432,AGAGCAGAGATACAAAGCGGGAGGGGATAGATAAGGCCGC,237,62.22321173,6.22E-05,,,,,
433,AAGAAAAAACTGAATGGGAAAAGTAGGGAACGAAGGTCTG,237,62.22321173,6.22E-05,,,,,
434,TACAAAGGGAAAAACGTGAAAAAGAAACACGATTCCTGTT,236,61.96066653,6.20E-05,,,,,
435,AAATAAGAGAATTGGTAAGAAAGAGGATAGACAGAAGAGC,236,61.96066653,6.20E-05,,,,,
436,AGGGGAATAAGAGTACCACGCTCGATGTGATCTATGACCA,236,61.96066653,6.20E-05,,,,,
437,AAGAGATTGAAAGTGAAAAGAGCTTACGATGCTAGATTGA,236,61.96066653,6.20E-05,,,,,
438,AAGGGGGAAGAGAGTAGCGAGAGCGTCTGATGTGCCAGTA,235,61.69812133,6.17E-05,,,,,
439,ACAGGATAAGGAAAGGAAAGCGAACGGTAGCTCGAGGCGA,235,61.69812133,6.17E-05,,,,,
440,AGAAAACAAAGAAAGATGAACTGAGGAATTTAACACGGGG,235,61.69812133,6.17E-05,,,,,
441,AAGGGAAGGATAAAGAAAGGATATGAGATATGAAGGGCAC,235,61.69812133,6.17E-05,,,,,
442,TATCAAGCATATTTAGACAACATACCAAGAGGAACAAAGC,234,61.43557613,6.14E-05,,,,,
443,AGATGAAGAAAAAAGTAAGGTAAGGGATGAGAAACGTCGG,234,61.43557613,6.14E-05,,,,,
444,ATGAATAAAGAGGAAATAGAGGATAGGACGCGTGGGACGA,234,61.43557613,6.14E-05,,,,,
445,GATTACAAAAACATTAGATGGTAGCACTCACGAGGTTCAA,234,61.43557613,6.14E-05,,,,,
446,ACTTAAACGTGGAAGAGAAGGAATAGACGCTAAGCTACTT,234,61.43557613,6.14E-05,,,,,
447,AATAGAAGGGGAAGAAAAAAGAGCGTGTCTGGAGGACGAA,233,61.17303094,6.12E-05,,,,,
448,AGAGAGAAAAAGAACGTGCGATTCGATGTCGGCGATGTAA,233,61.17303094,6.12E-05,,,,,
449,GTACCTAGGAAAGAAGGGATCAGGAAAGAGGAGGCGGCGA,233,61.17303094,6.12E-05,,,,,
450,GAGAAACAGGGGCACGGGCACTGCACGATCTGGTTAGGGG,232,60.91048574,6.09E-05,,,,,
451,TGAAGAGATGAAGAAGATAGCACGAAAAGCATACTGAGGA,231,60.64794054,6.06E-05,,,,,
452,CAGAGAACAGGGGAATGGGAGGATAAGGCGCGTAATCCAA,231,60.64794054,6.06E-05,,,,,
453,AAAACAGTTAGGAAATTAGGAGGAAGACAATAGCGCGCGT,231,60.64794054,6.06E-05,,,,,
454,AGGAAAGGGGAGAAATACGCGACTTCCTGACTCTGTGGGT,231,60.64794054,6.06E-05,,,,,
455,TAGGAAGGAAAGAGATTGTTGGAGGCACACGCACTGGAGG,231,60.64794054,6.06E-05,,,,,
456,AAAGGAAAGAGATTGAAAGGACGCGATGCTCTAATACTAA,231,60.64794054,6.06E-05,,,,,
457,AAAGTAAGAGAGAAGAAAAATTGAGGGGGGTGCTAGACAC,230,60.38539535,6.04E-05,,,,,
458,AATCGACAACAAAACAGAACATAACGCTCTAATATGGCCT,229,60.12285015,6.01E-05,,,,,
459,TCAGTAGTACAAAGGTAAAGGGAGAGTTTAAATGCACAGC,229,60.12285015,6.01E-05,,,,,
460,AAAGATACAGATATACACGTACGGGGTGATAAGGCGAGAT,229,60.12285015,6.01E-05,,,,,
461,AAAAAGAGAAAAAGAGCACGAGGCATCTATATTTAACCGA,229,60.12285015,6.01E-05,,,,,
462,AACAGAGAAGATTACACCCCGATTCAAATTTGTAGGTCAG,229,60.12285015,6.01E-05,,,,,
463,GGGTTAAATACAATGAAGGGAAAGTAAGACGAACTGTAGA,229,60.12285015,6.01E-05,,,,,
464,ATACTACCTAAATTAAAGGACACCTAAGACCACGACCCAT,229,60.12285015,6.01E-05,,,,,
465,AAAGAGGGACAGAATGAATACTAACAAAGGGTTTCCGATC,228,59.86030495,5.99E-05,,,,,
466,AAGGGGAAAAGGTAGAAACACACGATCATGGTATGGCCTG,227,59.59775975,5.96E-05,,,,,
467,AGAGGTGGTAATGTACAATAGGATAAACGGCGCGAAACGG,227,59.59775975,5.96E-05,,,,,
468,AGAAAAGAGATGAGAAAAAGTGACCAATGCGCTGTTACAA,226,59.33521456,5.93E-05,,,,,
469,AGGAAGAAAAAAACGAAAAGTAAGAGAGGGTACTACAAGC,226,59.33521456,5.93E-05,,,,,
470,AAGGAGCACATAGAGAAAGACTCACGACGAATTGTACAGA,226,59.33521456,5.93E-05,,,,,
471,TAGAAAAAGTAGAAGGAGAAATTAAACTGCGACGTTCGCC,226,59.33521456,5.93E-05,,,,,
472,CCAGGAAAAGAAATTAGAAGTACACGGTAGAGGCTGTGCA,225,59.07266936,5.91E-05,,,,,
473,TGCAGAGAGGAGGAAAGAGAAGCACAAAGCTACTGAACGG,225,59.07266936,5.91E-05,,,,,
474,ATTAGGAAAAGTGGGTAAGAATAGGGGAAAACATAGCGAT,225,59.07266936,5.91E-05,,,,,
475,AACAAGAGAGAGGAAAGGGGTTAACAAGCGGCGCAAAGGA,225,59.07266936,5.91E-05,,,,,
476,ATGGAACTGAAGACAGAGAAAGAAAGCGTACGATCTACGA,225,59.07266936,5.91E-05,,,,,
477,GTACACAGAATATACAGGAAAAAATACATGACGACTCTCA,225,59.07266936,5.91E-05,,,,,
478,AAGTGGATGTTAGAAGGAGGGAAAGAAGAAGAAGACGGTC,224,58.81012416,5.88E-05,,,,,
479,AAGAAAAGAGATTGGCAAAAAAAGGAAGCGAGACCGGTCA,224,58.81012416,5.88E-05,,,,,
480,CACTTAAGAGACAGAACAAGCACGAACGCTTAGTCCAGTA,224,58.81012416,5.88E-05,,,,,
481,CGAGACTTAAAGAGGAAAAGAAGAAAATAACGCGCGTGTG,224,58.81012416,5.88E-05,,,,,
482,ACACATAACATTAAGAAAGGAAATCTTACACGAAATCAGA,224,58.81012416,5.88E-05,,,,,
483,AATAGAATCAGAAGGGGGGAAAACGACGGTGCGTAAACGA,223,58.54757897,5.85E-05,,,,,
484,ACCAGAAACGGGGGAAGAACGAACATTAAACAAGCGTGTT,223,58.54757897,5.85E-05,,,,,
485,GAAAAAGTTGAAGGAAAAGGAATAATTGGCGTTCTGACGG,223,58.54757897,5.85E-05,,,,,
486,AAGGGAAGATAGAAAAACAAGCCTGGAGATAAGCTAGGAA,222,58.28503377,5.83E-05,,,,,
487,TTGAAATAAGGAAGGAGAAACAGGGACGAAGAGAAGACGG,221,58.02248857,5.80E-05,,,,,
488,TGTAAACACTATCAAAATACAGGAAGAAACGGCGCTCCTT,221,58.02248857,5.80E-05,,,,,
489,AAGAACAAACCGATAAAAGAAGAAGGAAACAAGCGCTGTC,221,58.02248857,5.80E-05,,,,,
490,CAAAGGAAAGAGGGCACAAAGAGGCTCCGGGTGAAAGGCA,221,58.02248857,5.80E-05,,,,,
491,GGAGAGAGGGATAAAATAGAAGCAGGTAGATCGATGGCAG,221,58.02248857,5.80E-05,,,,,
492,CAGAAATCTAGAATAAAAAACAAGGAAGTTACAACCTCTT,221,58.02248857,5.80E-05,,,,,
493,CCAGCAAGGGAAATAATTACAAAGGATCAGCACGTGCGTT,221,58.02248857,5.80E-05,,,,,
494,GGGGAAAGGGAGCGGGAGGGCTACGATATGATATGGATTT,221,58.02248857,5.80E-05,,,,,
495,AGAGAAAGACAGTAGGGGAACACACAGCTCAGTACCTTGA,221,58.02248857,5.80E-05,,,,,
496,AAAGAATACTAGAACATAGAAAATTGAAAAGCCTTACGAA,221,58.02248857,5.80E-05,,,,,
497,CATCAATACATGAAACTGAATAAACATAAACTGCATGCGC,221,58.02248857,5.80E-05,,,,,
498,TACGGAAAGTGAGAGAAAAAAGCAACGAGGCGTAGTGTGA,220,57.75994337,5.78E-05,,,,,
499,GGAAACACAGACAAATAAAGAGAATACAGAGCGGACCCGG,220,57.75994337,5.78E-05,,,,,
